primary_device,avg_screen_time
Smartphone,4.3889251325056025
Laptop,4.459085838701537
TV,4.287752317677349
Tablet,4.226004900558383
