primary_device,device_count,avg_screen_time
Smartphone,4568,4.3889251325056025
TV,2487,4.287752317677349
Laptop,1433,4.459085838701537
Tablet,1224,4.226004900558383
